lang,Jan-1-2013,Jan-2-2013,Jan-3-2013,Jan-4-2013,Jan-5-2013,Jan-6-2013,Jan-7-2013,Jan-8-2013,Jan-9-2013,Jan-10-2013,Jan-11-2013,Jan-13-2013,Jan-15-2013,Jan-16-2013,Jan-17-2013,Jan-18-2013,Jan-19-2013,Jan-20-2013,Jan-21-2013,Jan-22-2013,Jan-24-2013,Jan-25-2013,Jan-26-2013,Jan-27-2013,Jan-28-2013,Jan-29-2013,Jan-30-2013,Jan-31-2013,Feb-1-2013,Feb-2-2013,Feb-3-2013,Feb-5-2013,Feb-6-2013,Feb-7-2013,Feb-8-2013,Feb-9-2013,Feb-10-2013,Feb-11-2013,Feb-12-2013,Feb-13-2013,Feb-14-2013,Feb-15-2013,Feb-16-2013,Feb-17-2013,Feb-19-2013,Feb-20-2013,Feb-21-2013,Feb-22-2013,Feb-23-2013,Feb-24-2013,Feb-26-2013,Feb-27-2013,Feb-28-2013,Mar-1-2013,Mar-4-2013,Mar-5-2013,Mar-6-2013,Mar-7-2013,Mar-9-2013,Mar-11-2013,Mar-12-2013,Mar-13-2013,Mar-14-2013,Mar-15-2013,Mar-17-2013,Mar-18-2013,Mar-19-2013,Mar-20-2013,Mar-21-2013,Mar-22-2013,Mar-23-2013,Mar-24-2013,Mar-25-2013,Mar-26-2013,Mar-27-2013,Mar-28-2013,Mar-29-2013,Mar-30-2013,Mar-31-2013,Apr-1-2013,Apr-2-2013,Apr-4-2013,Apr-5-2013,Apr-6-2013,Apr-7-2013,Apr-8-2013,Apr-9-2013,Apr-11-2013,Apr-12-2013,Apr-13-2013,Apr-14-2013,Apr-15-2013,Apr-16-2013,Apr-18-2013,Apr-19-2013,Apr-20-2013,Apr-21-2013
ruby-on-rails-3,37008,37044,37103,37173,37210,37255,37312,37363,37431,37500,37571,37635,37691,37773,37838,37909,37965,38008,38069,38137,38204,38264,38344,38305,38339,38402,38471,38539,38616,38647,38686,38743,38820,38892,38967,38992,39018,39064,39132,39211,39307,39380,39421,39458,39515,39584,39665,39741,39719,39760,39826,39892,39972,40039,40102,40179,40249,40329,40436,40508,40606,40678,40740,40792,40784,40818,40897,40951,41025,41074,41122,41125,41170,41233,41295,41359,41406,41420,41449,41502,41569,41634,41691,41750,41759,41793,41855,41956,42011,42070,42074,42111,42191,42255,42304,42350,42336
xcode,46107,46139,46205,46288,46294,46359,46424,46515,46602,46687,46755,46869,46961,47054,47170,47247,47313,47367,47466,47559,47659,47754,47826,47721,47772,47859,47948,48066,48146,48168,48207,48304,48383,48469,48571,48598,48630,48682,48767,48878,48971,49054,49110,49149,49225,49322,49418,49566,49496,49543,49631,49727,49799,49906,50015,50101,50182,50278,50421,50476,50613,50707,50779,50867,50839,50880,50939,51032,51118,51191,51252,51225,51290,51393,51479,51583,51644,51642,51681,51734,51829,51934,52047,52128,52138,52203,52283,52377,52464,52537,52519,52573,52697,52769,52834,52888,52841
linux,43238,43280,43353,43439,43429,43471,43531,43609,43725,43820,43898,43986,44077,44181,44278,44389,44463,44508,44580,44679,44772,44869,44965,44804,44861,44966,45070,45145,45242,45259,45304,45424,45512,45618,45712,45702,45746,45810,45905,46017,46118,46222,46275,46327,46413,46531,46655,46792,46691,46739,46820,46911,46996,47096,47189,47292,47385,47475,47615,47689,47811,47928,48038,48141,48116,48169,48271,48371,48466,48566,48656,48607,48680,48791,48888,48964,49043,49028,49070,49149,49264,49364,49456,49560,49525,49589,49694,49847,49916,50019,49975,50033,50157,50266,50370,50474,50425
objective-c,115160,115253,115418,115581,115652,115772,115929,116131,116328,116547,116721,116928,117105,117303,117548,117747,117902,117968,118164,118358,118585,118746,118898,118785,118901,119110,119298,119504,119698,119753,119858,120043,120216,120386,120564,120621,120707,120812,120998,121262,121492,121664,121798,121896,122074,122275,122526,122831,122764,122864,123087,123305,123546,123777,124062,124291,124503,124741,125056,125215,125509,125736,125932,126111,126100,126203,126391,126599,126802,126979,127139,127171,127315,127564,127767,127973,128162,128196,128296,128447,128673,128905,129118,129324,129355,129474,129649,129899,130071,130250,130270,130415,130686,130900,131075,131240,131222
mysql,135962,136096,136299,136529,136629,136785,136972,137230,137490,137755,138005,138314,138548,138834,139137,139399,139628,139785,140018,140292,140586,140836,141056,140920,141106,141389,141659,141941,142183,142314,142494,142782,143038,143315,143613,143769,143925,144084,144356,144695,144973,145235,145434,145606,145843,146143,146447,146867,146822,146977,147229,147526,147830,148091,148602,148879,149157,149434,149891,150238,150646,150927,151239,151516,151579,151774,152039,152343,152658,152960,153221,153294,153499,153791,154089,154369,154597,154687,154870,155106,155435,155790,156107,156362,156413,156641,156932,157433,157707,157996,158019,158250,158692,159018,159301,159528,159537
xml,54431,54475,54548,54624,54646,54686,54748,54830,54920,55011,55098,55172,55241,55337,55442,55509,55573,55607,55684,55758,55866,55963,56042,55950,56011,56083,56179,56269,56345,56377,56430,56533,56627,56713,56795,56832,56869,56913,56992,57113,57212,57310,57345,57385,57469,57575,57683,57806,57750,57786,57866,57999,58094,58185,58275,58375,58471,58595,58737,58807,58941,59040,59139,59226,59224,59257,59366,59456,59564,59673,59744,59731,59783,59884,59985,60068,60148,60160,60190,60258,60384,60501,60628,60719,60695,60750,60862,61027,61118,61216,61191,61260,61402,61507,61609,61703,61680
asp.net-mvc,47774,47800,47871,47926,47954,47999,48047,48096,48151,48235,48310,48380,48444,48534,48626,48717,48793,48848,48999,49086,49154,49294,49383,49350,49397,49491,49584,49668,49754,49798,49847,49918,49998,50070,50190,50239,50324,50370,50451,50582,50679,50786,50844,50891,50975,51083,51203,51398,51434,51479,52266,52399,52510,52625,52821,52897,52960,53052,53190,53321,53458,53541,53692,53814,53830,53883,54028,54141,54255,54423,54523,54545,54687,54772,54918,55007,55103,55252,55328,55585,55757,55843,55968,56089,56246,56297,56412,56572,56678,56772,56787,56841,56984,57058,57153,57242,57247
java,345249,345572,346087,346694,346934,347268,347742,348369,349030,349726,350346,351015,351543,352260,353036,353748,354262,354614,355249,355912,356569,357218,357823,357266,357710,358420,359089,359827,360441,360630,361038,361686,362381,363097,363766,363987,364335,364720,365427,366309,367102,367763,368184,368604,369299,370075,370976,372019,371843,372288,372958,373752,374623,375371,376369,377115,377914,378725,379940,380760,381801,382527,383331,384037,384113,384555,385248,386096,386924,387687,388324,388404,388930,389661,390365,391181,391890,391886,392315,392913,393764,394677,395452,396231,396282,396857,397611,398963,399701,400417,400430,401020,402137,402973,403803,404448,404435
ruby-on-rails,98702,98775,98904,99044,99114,99203,99300,99440,99617,99769,99925,100118,100230,100406,100575,100727,100860,100968,101116,101285,101448,101610,101745,101665,101763,101931,102120,102260,102402,102475,102576,102730,102904,103077,103231,103326,103405,103507,103653,103830,104009,104185,104292,104381,104511,104665,104827,105039,105030,105134,105284,105449,105631,105812,106056,106222,106385,106543,106809,106985,107243,107424,107605,107743,107764,107866,108048,108210,108400,108528,108661,108695,108797,108967,109123,109300,109435,109490,109566,109715,109893,110065,110230,110374,110401,110542,110695,110978,111129,111261,111318,111428,111670,111858,112019,112149,112172
asp.net,151557,151640,151836,152044,152120,152180,152310,152505,152731,152972,153138,153307,153475,153681,153928,154122,154225,154300,154373,154571,154783,155005,155169,154896,155015,155227,155429,155660,155856,155887,155958,156134,156336,156539,156781,156843,156900,156986,157179,157458,157688,157895,157986,158056,158268,158512,158735,159083,158973,159062,159080,159244,159486,159686,159806,160023,160234,160490,160865,160963,161241,161486,161717,161892,161850,161932,162070,162254,162492,162681,162826,162779,162834,163052,163180,163430,163612,163534,163566,163688,163868,164098,164324,164473,164334,164464,164725,165164,165364,165567,165517,165650,165975,166217,166456,166619,166557
sql-server,57409,57448,57514,57614,57635,57663,57725,57815,57911,58015,58081,58158,58235,58337,58455,58553,58631,58665,58743,58839,58934,59029,59102,59058,59112,59212,59329,59440,59514,59547,59577,59658,59742,59833,59928,59954,59979,60013,60116,60247,60349,60438,60466,60495,60581,60708,60840,60995,60978,61013,61130,61228,61350,61429,61524,61624,61721,61851,62018,62099,62237,62360,62462,62566,62560,62594,62698,62796,62917,63016,63109,63105,63156,63278,63401,63541,63626,63615,63643,63717,63831,63957,64081,64195,64181,64243,64353,64544,64652,64756,64748,64821,64976,65063,65175,65252,65228
python,153267,153413,153619,153893,154027,154209,154389,154623,154938,155247,155497,155819,156067,156365,156689,156958,157195,157373,157656,157931,158215,158500,158776,158800,159035,159370,159699,160045,160334,160539,160738,161065,161384,161740,162062,162293,162452,162655,162957,163390,163811,164150,164338,164535,164802,165128,165494,165993,166037,166242,166582,166912,167279,167636,168241,168564,168873,169196,169776,170184,170653,171002,171329,171633,171739,171966,172317,172610,172968,173314,173585,173705,173955,174272,174592,174939,175244,175388,175566,175823,176204,176596,176971,177307,177407,177657,178010,178639,178944,179275,179384,179653,180151,180564,180948,181240,181316
json,39675,39725,39825,39926,40039,40125,40295,40397,40498,40614,40784,40874,41017,41144,41235,41335,41352,41412,41534,41636,41739,41836,41919,41949,42011,42118,42228,42336,42427,42473,42527,42593,42726,42837,42955,43045,43073,43146,43246,43408,43520,43617,43623,43689,43841,43934,44055,44135,44136
html,137901,138049,138319,138559,138683,138840,139066,139335,139632,139924,140223,140560,140828,141119,141443,141747,142000,142190,142480,142761,143097,143426,143663,143573,143795,144121,144429,144736,145007,145138,145330,145639,145959,146270,146601,146764,146933,147094,147418,147837,148180,148476,148686,148859,149182,149479,149797,150278,150214,150371,150704,151019,151390,151730,152234,152538,152867,153211,153796,154173,154664,155004,155321,155649,155743,155929,156249,156587,156934,157284,157571,157631,157867,158206,158538,158912,159189,159279,159435,159678,160061,160394,160749,161111,161163,161378,161698,162318,162637,162958,163020,163255,163761,164084,164407,164712,164743
iphone,160371,160458,160618,160768,160773,160864,160988,161148,161307,161477,161617,161753,161859,161993,162189,162336,162439,162508,162655,162783,162963,163105,163221,162931,163005,163167,163305,163481,163602,163615,163690,163823,163975,164111,164280,164289,164344,164437,164604,164801,164951,165076,165158,165211,165323,165465,165641,165867,165709,165755,165877,166034,166191,166338,166447,166619,166766,166947,167149,167191,167364,167501,167636,167765,167728,167787,167912,168060,168231,168381,168469,168392,168483,168647,168779,168954,169080,169056,169104,169222,169388,169552,169718,169861,169839,169906,170059,170293,170432,170557,170502,170599,170788,170909,171040,171143,171041
android,270516,270927,271513,272096,272209,272531,273099,273740,274404,275067,275630,276333,276842,277494,278292,278998,279466,279863,280518,281184,281802,282450,283039,282093,282588,283282,283932,284625,285234,285324,285644,286318,286882,287551,288189,288274,288569,288910,289527,290301,290974,291536,291887,292203,292793,293479,294239,295241,294520,294892,295521,296196,296936,297604,298321,298965,299620,300335,301432,301988,302887,303580,304240,304841,304701,305055,305716,306426,307152,307837,308343,308206,308679,309317,309980,310657,311266,311170,311507,312042,312791,313485,314214,314839,314720,315245,315872,316973,317603,318253,318066,318514,319441,320092,320801,321325,321098
css,107361,107466,107646,107839,107937,108076,108225,108415,108682,108901,109117,109362,109577,109819,110075,110286,110457,110587,110805,111005,111243,111455,111651,111629,111776,112042,112285,112536,112745,112863,113006,113240,113477,113722,113990,114137,114270,114376,114621,114939,115200,115433,115601,115735,115976,116199,116461,116844,116854,116966,117177,117420,117700,117955,118347,118559,118828,119111,119527,119816,120188,120412,120667,120899,120956,121094,121335,121604,121857,122140,122331,122405,122592,122864,123148,123418,123642,123752,123870,124050,124329,124628,124896,125169,125247,125411,125651,126104,126362,126614,126687,126885,127265,127507,127750,127986,128038
regex,49469,49505,49572,49636,49680,49729,49784,49859,49949,50036,50115,50210,50289,50388,50504,50583,50642,50690,50770,50844,50943,51029,51098,51111,51171,51265,51362,51460,51556,51615,51663,51735,51841,51924,52023,52086,52109,52148,52240,52355,52456,52548,52601,52642,52726,52813,52911,53037,53077,53116,53174,53264,53345,53432,53587,53688,53787,53880,54066,54173,54304,54407,54505,54583,54611,54649,54716,54835,54944,55039,55115,55152,55206,55308,55384,55487,55556,55596,55630,55680,55765,55844,55939,56020,56047,56107,56172,56326,56413,56492,56508,56573,56708,56821,56934,57015,57027
c#,396561,396822,397314,397881,398067,398283,398705,399275,399903,400507,401104,401702,402230,402885,403659,404294,404695,404991,405614,406226,406929,407583,408158,407801,408189,408835,409505,410204,410828,410993,411301,411939,412604,413224,413898,414174,414400,414692,415303,416118,416840,417462,417766,418057,418719,419434,420219,421210,421078,421342,421987,422683,423437,424099,424977,425637,426316,427017,428211,428778,429691,430469,431176,431778,431879,432204,432902,433609,434327,435057,435632,435693,436083,436745,437385,438209,438766,438869,439102,439596,440300,441042,441737,442342,442347,442751,443432,444695,445401,446029,446043,446465,447470,448267,448958,449491,449446
javascript,305850,306150,306640,307186,307462,307762,308239,308890,309558,310242,310827,311520,312049,312781,313453,314086,314621,314963,315594,316211,316891,317531,318127,317823,318260,318983,319759,320445,321094,321353,321702,322390,323049,323718,324472,324860,325209,325588,326268,327220,328005,328745,329189,329584,330236,330934,331694,332757,332595,332960,333651,334370,335171,335856,336880,337590,338340,339130,340354,341050,342025,342746,343470,344095,344204,344588,345271,345997,346782,347467,348062,348130,348594,349316,350021,350868,351530,351778,352114,352629,353449,354227,354969,355684,355771,356217,356891,358152,358819,359525,359590,360063,361135,361942,362684,363341,363392
ios,114382,114535,114821,115157,115278,115454,115709,116067,116429,116789,117068,117386,117685,117995,118381,118703,118914,119076,119388,119697,120045,120352,120648,120354,120554,120910,121232,121582,121871,121961,122096,122402,122724,123065,123385,123469,123590,123751,124082,124512,124881,125159,125341,125483,125768,126105,126469,126928,126771,126909,127236,127581,127968,128328,128735,129114,129456,129816,130354,130613,131083,131456,131808,132114,132102,132266,132588,132926,133303,133614,133865,133828,134030,134413,134758,135117,135441,135467,135626,135878,136260,136622,136991,137330,137326,137543,137885,138435,138782,139105,139100,139353,139816,140154,140514,140778,140689
ajax,51977,52015,52091,52172,52214,52265,52337,52430,52521,52632,52730,52827,52885,52999,53113,53221,53305,53358,53451,53556,53659,53761,53853,53782,53843,53944,54037,54141,54228,54266,54325,54422,54531,54630,54735,54752,54795,54850,54944,55095,55197,55301,55358,55402,55504,55623,55748,55891,55861,55917,56004,56137,56243,56344,56496,56598,56688,56804,56976,57054,57205,57311,57426,57504,57519,57585,57679,57792,57895,57984,58057,58048,58105,58217,58330,58453,58560,58549,58596,58668,58780,58882,59005,59109,59126,59203,59316,59493,59615,59726,59699,59765,59935,60062,60174,60251,60262
facebook,37076,37110,37184,37244,37219,37264,37315,37379,37446,37509,37581,37651,37713,37790,37883,37960,38013,38054,38120,38193,38273,38342,38430,38180,38239,38321,38425,38513,38570,38539,38576,38666,38741,38814,38895,38853,38874,38917,39003,39094,39183,39262,39298,39348,39412,39514,39615,39750
sql,109939,110036,110195,110386,110490,110575,110712,110919,111108,111355,111546,111729,111896,112119,112383,112592,112764,112859,113047,113242,113477,113678,113883,113835,113961,114190,114433,114680,114904,115025,115120,115331,115564,115810,116068,116225,116306,116407,116625,116907,117161,117366,117471,117563,117768,118016,118299,118628,118659,118745,118973,119218,119456,119662,119990,120233,120472,120747,121148,121400,121736,121996,122219,122445,122500,122617,122854,123119,123381,123643,123831,123868,124023,124293,124527,124773,124963,125035,125123,125275,125512,125768,126037,126245,126283,126441,126680,127087,127306,127541,127556,127711,128084,128345,128575,128740,128793
wpf,56665,56706,56771,56841,56856,56889,56945,57022,57086,57171,57248,57323,57392,57477,57566,57654,57703,57747,57819,57899,57988,58056,58122,58074,58135,58223,58316,58415,58492,58508,58531,58606,58674,58750,58848,58870,58892,58935,59016,59107,59206,59285,59332,59368,59446,59551,59638,59772,59722,59765,59831,59901,59994,60059,60145,60226,60290,60384,60517,60567,60678,60763,60832,60905,60891,60927,61017,61108,61193,61274,61356,61341,61390,61464,61562,61655,61709,61705,61733,61786,61866,61962,62042,62104,62098,62153,62222,62357,62436,62507,62497,62555,62687,62782,62856,62920,62915
php,322503,322830,323359,323911,324109,324470,324957,325554,326171,326778,327336,328091,328640,329334,330004,330643,331161,331561,332149,332731,333376,334024,334562,334118,334628,335271,335920,336591,337206,337407,337841,338505,339120,339768,340481,340652,341011,341354,341981,342778,343478,344075,344526,344923,345567,346295,347037,348045,347843,348206,348860,349478,350247,350905,351897,352525,353233,353890,355120,355828,356766,357432,358179,358794,358897,359330,360054,360733,361427,362165,362685,362751,363240,363942,364626,365360,365973,366169,366584,367142,367952,368651,369400,370005,370028,370531,371175,372299,372952,373564,373512,374038,375024,375793,376551,377082,376968
ruby,61736,61774,61850,61929,61965,62020,62085,62175,62284,62404,62504,62631,62725,62833,62942,63049,63152,63227,63315,63412,63516,63624,63708,63692,63739,63861,63986,64109,64210,64243,64325,64444,64542,64656,64764,64827,64880,64923,65022,65158,65286,65410,65478,65541,65616,65726,65831,65997,65988,66063,66158,66266,66389,66492,66665,66770,66875,67003,67192,67346,67469,67598,67719,67792,67813,67876,67996,68118,68244,68334,68411,68434,68501,68621,68723,68849,68956,68979,69041,69116,69229,69351,69485,69593,69633,69722,69828,70022,70138,70241,70264,70346,70496,70614,70731,70814,70836
jquery,258390,258604,259019,259470,259651,259895,260270,260779,261278,261823,262314,262840,263251,263816,264366,264874,265259,265516,265971,266489,267058,267557,268054,267796,268129,268693,269252,269824,270289,270506,270753,271282,271813,272353,272925,273222,273466,273745,274272,274960,275547,276072,276370,276623,277145,277721,278318,279149,279021,279257,279753,280313,280945,281513,282269,282814,283408,284030,285027,285497,286325,286937,287522,288067,288119,288385,288947,289473,290095,290644,291116,291177,291568,292153,292715,293327,293861,294031,294268,294698,295322,295916,296512,297060,297130,297499,298038,298964,299524,300049,300095,300456,301312,301914,302465,302962,302960
c,80099,80164,80267,80372,80428,80508,80614,80760,80893,81029,81119,81287,81379,81530,81687,81786,81900,81991,82111,82229,82372,82491,82616,82594,82722,82863,82987,83135,83258,83341,83467,83625,83743,83885,84041,84129,84219,84332,84455,84634,84816,84944,85048,85142,85275,85450,85612,85795,85822,85925,86049,86215,86423,86562,86830,86968,87109,87269,87513,87725,87894,88045,88207,88335,88382,88500,88644,88806,88945,89088,89201,89266,89367,89519,89700,89851,89985,90040,90134,90248,90420,90595,90737,90882,90923,91068,91223,91499,91659,91835,91896,92039,92294,92454,92626,92778,92803
database,46952,47010,47066,47133,47149,47201,47268,47344,47423,47522,47609,47712,47778,47865,47948,48039,48089,48129,48188,48267,48330,48406,48489,48408,48462,48533,48614,48695,48784,48802,48855,48922,49002,49085,49160,49178,49218,49267,49339,49424,49514,49590,49634,49682,49763,49830,49918,50034,49972,50028,50103,50187,50281,50337,50453,50549,50656,50743,50894,50956,51101,51197,51282,51364,51367,51414,51488,51573,51652,51744,51831,51832,51906,51999,52066,52157,52233,52237,52281,52353,52446,52550,52635,52721,52712,52782,52862,53008,53081,53185,53164,53249,53394,53483,53559,53613,53613
windows,42519,42553,42611,42689,42684,42714,42772,42853,42917,42990,43059,43117,43179,43243,43331,43410,43467,43495,43555,43609,43678,43745,43799,43639,43685,43779,43854,43933,44005,43996,44034,44087,44140,44203,44280,44279,44313,44349,44418,44489,44569,44647,44691,44738,44789,44860,44939,45025,44927,44966,45040,45116,45189,45251,45312,45372,45440,45539,45675,45718,45800,45861,45945,46009,45977,46026,46108,46185,46265,46349,46411,46365,46409,46488,46561,46625,46694,46691,46718,46770,46859,46940,47002,47067,47007,47050,47117,47238,47307,47382,47361,47412,47539,47624,47703,47779,47720
vb.net,39692,39718,39771,39836,39857,39881,39939,39998,40060,40117,40170,40237,40296,40378,40446,40526,40571,40612,40666,40740,40806,40868,40941,40870,40919,40987,41064,41129,41206,41219,41253,41303,41376,41440,41512,41519,41540,41576,41626,41722,41802,41877,41922,41962,42029,42098,42201,42316,42288,42335,42410,42490,42564,42640,42740,42808,42886,42956,43085,43138,43246,43303,43367,43435,43430,43471,43554,43622,43702,43772,43834,43833,43881,43960,44029,44115,44172,44173,44206,44280,44365,44453,44540,44619,44625,44680,44763,44917,45006,45083,45093,45139,45276,45358,45424,45486,45467
.net,140410,140459,140564,140695,140736,140792,140889,141019,141162,141327,141477,141598,141710,141865,142028,142204,142312,142378,142481,142639,142821,142969,143114,142983,143074,143237,143425,143587,143719,143740,143804,143933,144075,144227,144357,144401,144381,144445,144593,144790,144964,145120,145186,145241,145386,145542,145714,145943,145881,145930,146066,146250,146424,146588,146783,146949,147103,147280,147556,147654,147877,148071,148235,148349,148320,148386,148514,148650,148799,148949,149075,149035,149107,149224,149351,149507,149622,149588,149639,149717,149857,150029,150221,150344,150282,150362,150530,150835,150983,151096,151070,151147,151373,151547,151697,151805,151766
eclipse,36931,36962,37029,37097,37116,37148,37202,37284,37353,37430,37501,37574,37619,37699,37784,37866,37921,37966,38047,38127,38199,38284,38349,38282,38331,38411,38495,38567,38640,38640,38665,38741,38819,38890,38959,38962,38998,39028,39097,39186,39257,39326,39365,39413,39474,39556,39646,39751,39704,39752,39823,39915,39996,40057,40150,40245,40308,40409,40535,40619,40716,40799,40883,40946,40937,40985,41062,41131,41201,41272,41350,41381,41421,41484,41566,41649,41728,41729,41755,41805,41883,41975,42044,42113,42093,42146,42210,42326,42392,42464,42452,42497,42600,42677,42734,42798,42790
c++,168878,169026,169216,169479,169570,169745,169953,170190,170486,170776,171037,171387,171646,171917,172244,172501,172750,172906,173154,173379,173633,173898,174136,174061,174283,174546,174850,175141,175417,175545,175730,176036,176326,176630,176916,177091,177244,177471,177755,178121,178435,178752,178952,179159,179421,179730,180074,180497,180544,180772,181077,181358,181709,181994,182563,182868,183181,183475,183982,184401,184863,185181,185469,185725,185840,186075,186402,186712,187045,187350,187600,187656,187890,188161,188446,188781,189096,189258,189447,189704,190050,190410,190740,191050,191134,191394,191730,192285,192569,192888,193013,193265,193720,194103,194424,194706,194759
django,43624,43671,43721,43778,43833,43873,43917,43956,44021,44072,44137,44198,44270,44360,44437,44500,44544,44577,44649,44722,44807,44869,44929,44918,44968,45049,45131,45210,45275,45325,45373,45457,45528,45622,45707,45762,45806,45843,45924,46003,46079,46146,46208,46250,46310,46405,46506,46607,46618,46662,46733,46809,46909,46983,47135,47224,47288,47362,47493,47593,47694,47781,47866,47930,47946,47987,48050,48130,48225,48306,48371,48396,48446,48538,48623,48706,48786,48799,48830,48876,48944,49042,49113,49197,49230,49294,49369,49502,49571,49647,49653,49711,49839,49925,50014,50095,50104
arrays,41769,41807,41853,41916,41964,42012,42065,42147,42213,42292,42355,42460,42514,42606,42679,42766,42831,42881,42950,43013,43108,43188,43276,43292,43342,43421,43503,43593,43664,43706,43768,43867,43955,44053,44155,44211,44251,44307,44387,44501,44602,44694,44763,44833,44940,45059,45174,45313,45346,45418,45522,45610,45717,45819,46028,46132,46232,46345,46544,46693,46844,46950,47051,47152,47197,47260,47362,47474,47596,47707,47796,47828,47897,48012,48114,48237,48328,48394,48460,48566,48678,48800,48922,49028,49063,49141,49242,49457,49566,49671,49711,49797,49938,50065,50204,50283,50308